epoch,time,train/box_loss,train/cls_loss,train/dfl_loss,metrics/precision(B),metrics/recall(B),metrics/mAP50(B),metrics/mAP50-95(B),val/box_loss,val/cls_loss,val/dfl_loss,lr/pg0,lr/pg1,lr/pg2
1,31.9823,3.44648,29.725,0.04666,0.00333,1,0.00911,0.00199,2.56713,22.4318,0.09266,2e-05,2e-05,2e-05
2,33.3505,1.91375,42.9902,0.02205,0.00333,1,0.0056,0.00112,2.64922,22.7341,0.09235,5.92575e-05,5.92575e-05,5.92575e-05
3,34.4162,2.30694,38.7088,0.03699,0.00333,1,0.00698,0.00108,2.57293,22.2101,0.09304,9.7525e-05,9.7525e-05,9.7525e-05
4,35.5441,2.65073,31.1056,0.05034,0.00333,1,0.0177,0.00655,1.71543,19.2611,0.05514,0.000134803,0.000134803,0.000134803
5,36.5614,2.9696,19.8307,0.04096,0.00333,1,0.01913,0.00439,1.85977,19.6638,0.06509,0.00017109,0.00017109,0.00017109
6,37.5512,2.08129,37.648,0.03871,0.00333,1,0.00814,0.00278,1.76044,19.3591,0.05923,0.000206388,0.000206388,0.000206388
7,38.5054,1.72521,23.5117,0.03532,0.00333,1,0.16967,0.0207,1.98711,20.066,0.07485,0.000240695,0.000240695,0.000240695
8,39.5615,1.51134,20.8409,0.02352,0.00333,1,0.01446,0.00571,1.81156,19.6493,0.06018,0.000274012,0.000274012,0.000274012
9,40.5609,2.29503,30.0877,0.02459,0.00333,1,0.01597,0.00531,2.01087,20.3977,0.0682,0.00030634,0.00030634,0.00030634
10,41.5352,1.71762,18.4948,0.01588,0.00333,1,0.01324,0.00483,1.8756,20.0402,0.0653,0.000337677,0.000337677,0.000337677
11,42.6315,2.0046,23.117,0.05072,0.00333,1,0.01152,0.00435,1.71353,19.5274,0.06903,0.000368025,0.000368025,0.000368025
12,43.7098,1.71866,13.3242,0.01574,0.00333,1,0.01152,0.00435,1.71353,19.5274,0.06903,0.000397383,0.000397383,0.000397383
13,44.7127,2.48356,33.6109,0.03334,0.00333,1,0.01142,0.00295,2.40037,21.6086,0.09278,0.00042575,0.00042575,0.00042575
14,45.7149,1.45513,18.4484,0.01846,0.00333,1,0.01578,0.00368,2.36105,21.4406,0.08363,0.000453128,0.000453128,0.000453128
15,46.6805,1.45334,14.7765,0.01914,0.00333,1,0.01578,0.00368,2.36105,21.4406,0.08363,0.000479515,0.000479515,0.000479515
16,47.6279,1.21578,16.332,0.01725,0.00333,1,0.00884,0.00192,2.233,21.6663,0.08481,0.000504913,0.000504913,0.000504913
17,48.7359,1.02362,19.365,0.02366,0.00333,1,0.00845,0.00099,2.06349,21.5345,0.08971,0.00052932,0.00052932,0.00052932
18,49.7157,2.2395,22.6534,0.02693,0.00333,1,0.00845,0.00099,2.06349,21.5345,0.08971,0.000552738,0.000552738,0.000552738
19,50.6858,2.05331,18.2089,0.0196,0.00167,0.5,0.00364,0.00091,2.39293,23.0897,0.09542,0.000575165,0.000575165,0.000575165
20,51.6883,1.64282,15.141,0.01881,0.00167,0.5,0.00364,0.00091,2.39293,23.0897,0.09542,0.000596603,0.000596603,0.000596603
21,52.755,1.64958,16.686,0.01511,0.00333,1,0.01392,0.00355,2.13498,21.2786,0.07315,0.00061705,0.00061705,0.00061705
22,53.7292,1.85559,22.2447,0.04068,0.00333,1,0.01392,0.00355,2.13498,21.2786,0.07315,0.000636507,0.000636507,0.000636507
23,54.6875,1.65399,16.1727,0.02261,0.00333,1,0.01284,0.00239,2.42563,22.3965,0.08054,0.000654975,0.000654975,0.000654975
24,55.593,1.25889,35.6211,0.01615,0.00333,1,0.01284,0.00239,2.42563,22.3965,0.08054,0.000672452,0.000672452,0.000672452
25,56.7411,2.17994,22.1122,0.02728,0.00167,0.5,0.00394,0.00151,2.62164,23.7046,0.09633,0.00068894,0.00068894,0.00068894
26,57.7495,2.04982,14.4576,0.02076,0.00167,0.5,0.00394,0.00151,2.62164,23.7046,0.09633,0.000704437,0.000704437,0.000704437
27,58.6542,1.77716,21.0622,0.01908,0.00167,0.5,0.00394,0.00151,2.62164,23.7046,0.09633,0.000718945,0.000718945,0.000718945
28,59.6171,1.28003,14.527,0.02573,0.00167,0.5,0.00226,0.00136,2.57386,23.4871,0.09767,0.000732463,0.000732463,0.000732463
29,60.9259,1.62554,13.1962,0.0148,0.00167,0.5,0.00226,0.00136,2.57386,23.4871,0.09767,0.00074499,0.00074499,0.00074499
30,62.3182,1.35256,12.6635,0.0144,0.00167,0.5,0.00241,0.00131,2.61268,23.9375,0.09575,0.000756527,0.000756527,0.000756527
31,63.4167,1.46108,25.5391,0.02069,0.00167,0.5,0.00241,0.00131,2.61268,23.9375,0.09575,0.000767075,0.000767075,0.000767075
32,64.5299,1.31014,17.8534,0.02075,0.00167,0.5,0.00241,0.00131,2.61268,23.9375,0.09575,0.000776633,0.000776633,0.000776633
33,65.5879,1.21038,10.7678,0.01505,0.00167,0.5,0.00204,0.00065,2.28584,22.7725,0.08328,0.0007852,0.0007852,0.0007852
34,66.7981,1.85659,22.5594,0.01703,0.00167,0.5,0.00204,0.00065,2.28584,22.7725,0.08328,0.000792777,0.000792777,0.000792777
35,67.9444,1.72909,20.4401,0.01867,0.00167,0.5,0.00204,0.00065,2.28584,22.7725,0.08328,0.000799365,0.000799365,0.000799365
36,69.0823,1.34097,10.9003,0.02433,0.00167,0.5,0.00217,0.00094,2.15664,21.8807,0.08555,0.000804962,0.000804962,0.000804962
37,70.0216,1.50076,11.1357,0.01602,0.00167,0.5,0.00217,0.00094,2.15664,21.8807,0.08555,0.00080957,0.00080957,0.00080957
38,71.0743,1.15492,16.9037,0.01566,0.00167,0.5,0.00217,0.00094,2.15664,21.8807,0.08555,0.000813187,0.000813187,0.000813187
39,72.0156,1.37069,16.1536,0.01773,0.00333,1,0.01826,0.00614,1.90037,20.0321,0.06398,0.000815815,0.000815815,0.000815815
40,73.09,1.26864,18.5965,0.02101,0.00333,1,0.01826,0.00614,1.90037,20.0321,0.06398,0.000817452,0.000817452,0.000817452
41,74.0538,1.93096,15.7184,0.02168,0.00333,1,0.01826,0.00614,1.90037,20.0321,0.06398,0.0008181,0.0008181,0.0008181
42,75.0693,2.21167,29.8269,0.02546,0.00333,1,0.01932,0.00664,1.93491,20.6428,0.06378,0.000817758,0.000817758,0.000817758
43,76.0229,1.07049,14.2673,0.01335,0.00333,1,0.01932,0.00664,1.93491,20.6428,0.06378,0.000816425,0.000816425,0.000816425
44,77.0931,1.39492,12.8464,0.01244,0.00333,1,0.01932,0.00664,1.93491,20.6428,0.06378,0.000814102,0.000814102,0.000814102
45,78.2315,1.06948,35.331,0.01596,0.00333,1,0.01932,0.00664,1.93491,20.6428,0.06378,0.00081079,0.00081079,0.00081079
46,79.4506,1.38088,13.9413,0.01439,0.00333,1,0.02414,0.00567,2.54847,22.9376,0.08395,0.000806487,0.000806487,0.000806487
47,80.5086,1.51186,20.3016,0.01347,0.00333,1,0.02414,0.00567,2.54847,22.9376,0.08395,0.000801195,0.000801195,0.000801195
48,81.4599,1.42503,11.3829,0.02433,0.00333,1,0.02414,0.00567,2.54847,22.9376,0.08395,0.000794913,0.000794913,0.000794913
49,82.4453,1.44276,13.5828,0.02579,0.00333,1,0.02414,0.00567,2.54847,22.9376,0.08395,0.00078764,0.00078764,0.00078764
50,83.4218,1.4009,16.3273,0.01765,0.00333,1,0.0174,0.0055,2.09139,21.8836,0.07243,0.000779377,0.000779377,0.000779377
51,84.3702,1.39492,13.9176,0.0137,0.00333,1,0.0174,0.0055,2.09139,21.8836,0.07243,0.0007625,0.0007625,0.0007625
52,85.2618,1.05289,13.2169,0.0139,0.00333,1,0.0174,0.0055,2.09139,21.8836,0.07243,0.00073775,0.00073775,0.00073775
53,86.2943,1.28646,16.0825,0.02793,0.00333,1,0.0174,0.0055,2.09139,21.8836,0.07243,0.000713,0.000713,0.000713
54,87.2385,1.434,14.0648,0.04216,0.00333,1,0.02543,0.00781,1.76988,19.7023,0.0552,0.00068825,0.00068825,0.00068825
55,88.2535,1.12662,10.9621,0.02358,0.00333,1,0.02543,0.00781,1.76988,19.7023,0.0552,0.0006635,0.0006635,0.0006635
56,89.2235,1.36558,13.8591,0.0118,0.00333,1,0.02543,0.00781,1.76988,19.7023,0.0552,0.00063875,0.00063875,0.00063875
57,90.1517,1.1308,21.8332,0.02431,0.00333,1,0.02543,0.00781,1.76988,19.7023,0.0552,0.000614,0.000614,0.000614
58,91.1509,1.16157,11.1124,0.02042,0.00333,1,0.03554,0.01138,1.94239,20.317,0.0643,0.00058925,0.00058925,0.00058925
59,92.0917,1.11521,11.7985,0.01116,0.00333,1,0.03554,0.01138,1.94239,20.317,0.0643,0.0005645,0.0005645,0.0005645
60,93.1001,1.49867,11.2638,0.01559,0.00333,1,0.03554,0.01138,1.94239,20.317,0.0643,0.00053975,0.00053975,0.00053975
61,94.0956,1.84062,22.951,0.02304,0.00333,1,0.03554,0.01138,1.94239,20.317,0.0643,0.000515,0.000515,0.000515
62,95.1113,1.36041,26.5017,0.01337,0.00333,1,0.03618,0.01263,2.05024,20.3798,0.06574,0.00049025,0.00049025,0.00049025
63,96.0375,1.3154,13.5862,0.01916,0.00333,1,0.03618,0.01263,2.05024,20.3798,0.06574,0.0004655,0.0004655,0.0004655
64,97.064,1.30872,28.8413,0.01946,0.00333,1,0.03618,0.01263,2.05024,20.3798,0.06574,0.00044075,0.00044075,0.00044075
65,98.0398,1.1939,12.5141,0.01446,0.00333,1,0.03618,0.01263,2.05024,20.3798,0.06574,0.000416,0.000416,0.000416
66,99.2144,1.22153,12.297,0.0206,0.00333,1,0.03373,0.0117,2.22166,20.7686,0.07163,0.00039125,0.00039125,0.00039125
67,100.291,1.27309,13.1997,0.01312,0.00333,1,0.03373,0.0117,2.22166,20.7686,0.07163,0.0003665,0.0003665,0.0003665
